sample_idx,elapsed_sec,total_heap_alloc_mb,total_heap_inuse_mb,total_rss_mb
0,0.0,454.09,485.758,1810.871
1,60.21,526.581,582.055,2009.75
2,120.44,529.224,589.422,1542.664
3,180.65,532.307,592.977,1471.988
4,240.86,534.696,597.531,1507.109
5,301.04,568.98,637.398,1954.734
6,361.29,615.19,737.492,3386.617
7,421.63,606.49,750.047,3479.359
8,482.04,600.323,759.695,3519.547
9,542.4,603.686,774.469,3557.344
10,602.78,605.018,791.078,3810.363
11,663.19,620.898,819.055,3780.289
12,723.54,624.781,836.422,3749.297
13,783.95,620.071,843.43,3749.039
14,844.32,629.766,863.375,3747.926
15,904.69,618.956,861.789,3958.637
16,965.11,629.117,877.625,3911.953
17,1025.5,607.649,858.047,3768.832
18,1085.87,625.052,881.688,3779.168
19,1146.26,629.44,892.578,3787.172
20,1206.64,637.937,909.633,4032.277
21,1267.1,632.565,910.203,3940.012
22,1327.49,650.612,933.281,3946.555
23,1387.89,641.486,929.859,3943.387
24,1448.3,643.119,936.359,3939.273
25,1508.7,644.152,944.938,4086.367
26,1569.13,623.147,925.281,3878.891
27,1629.55,646.768,953.633,3917.438
28,1689.97,649.805,961.32,3935.559
29,1750.39,639.572,954.242,3955.406
30,1810.84,654.986,976.594,4170.273
31,1871.32,642.339,969.883,4040.754
32,1931.74,651.115,983.859,4059.863
33,1992.16,648.853,987.719,4067.844
34,2052.63,649.327,991.758,4066.133
35,2113.06,647.081,992.969,4200.746
36,2173.53,653.587,1004.57,4181.008
37,2233.98,649.789,999.961,4114.426
38,2294.41,658.535,1010.664,4130.773
39,2354.84,649.611,1000.461,4110.355
40,2415.29,670.462,1025.961,4264.406
41,2475.75,670.495,1025.156,4200.129
42,2536.2,658.196,1014.164,4151.953
43,2596.69,684.859,1043.398,4181.574
44,2657.15,670.348,1026.672,4180.973
