Experiment,Round,Config,TPS,PeakRSS_MB,Duration_s,CPU_s,LogSize_KB
GOGC,1,Default,6276.17,6712,5.29,83.37,0.00
GOGC,1,GOGC50,5759.34,4412,5.66,150.85,0.00
GOGC,2,Default,6170.98,8995,5.34,94.32,0.00
GOGC,2,GOGC50,5948.34,5524,5.52,141.66,0.00
GOGC,3,Default,6198.56,9014,5.45,95.25,0.00
GOGC,3,GOGC50,5961.68,6359,5.64,136.18,0.00
GOGC,4,Default,6290.76,10734,5.41,83.82,0.00
GOGC,4,GOGC50,5848.99,7418,5.71,149.33,0.00
GOGC,5,Default,6091.85,10396,5.25,95.24,0.00
GOGC,5,GOGC50,4843.88,7601,6.44,159.71,0.00
GOGC,6,Default,6118.66,10959,5.53,87.06,0.00
GOGC,6,GOGC50,5947.33,8318,5.66,133.40,0.00
GOGC,7,Default,5599.75,11952,5.75,95.68,0.00
GOGC,7,GOGC50,5969.33,8179,5.63,143.72,0.00
DebugFlag,1,DebugOn,5503.56,11357,5.80,91.20,0.00
DebugFlag,1,DebugOff,3867.19,11315,7.74,94.50,0.00
DebugFlag,2,DebugOn,5338.35,11898,6.17,101.22,0.00
DebugFlag,2,DebugOff,6376.74,11550,5.21,92.19,0.00
DebugFlag,3,DebugOn,5960.95,12606,5.47,96.84,0.00
DebugFlag,3,DebugOff,5992.88,11877,5.46,90.77,0.00
DebugFlag,4,DebugOn,5085.46,13106,6.34,101.19,0.00
DebugFlag,4,DebugOff,4690.19,12377,6.45,101.00,0.00
DebugFlag,5,DebugOn,6878.70,12799,4.93,89.68,0.00
DebugFlag,5,DebugOff,6272.27,12457,5.28,91.20,0.00
DebugFlag,6,DebugOn,6033.00,13760,5.59,99.25,0.00
DebugFlag,6,DebugOff,6519.73,13274,5.10,98.82,0.00
DebugFlag,7,DebugOn,6527.66,12921,5.28,94.54,0.00
DebugFlag,7,DebugOff,4169.38,11966,7.10,108.65,0.00
