Wave,CumTxs,Node,HeapAllocMB,HeapInuseMB,HeapSysMB,RssMB
0,0,val0,105.00,112.33,394.86,565.42
0,0,val1,104.91,112.74,415.14,524.28
0,0,val2,104.98,112.61,414.89,547.65
0,0,val3,104.93,112.16,410.95,511.01
1,50000,val0,220.18,286.64,2036.61,2689.51
1,50000,val1,204.18,273.69,1928.52,2366.43
1,50000,val2,219.44,287.66,2073.05,2644.05
1,50000,val3,203.10,270.96,1988.48,2490.00
2,100000,val0,254.43,340.80,2131.98,3020.84
2,100000,val1,235.64,329.16,2223.27,3143.49
2,100000,val2,243.01,335.44,2215.80,3005.89
2,100000,val3,239.57,333.05,2251.27,3170.81
3,150000,val0,290.80,390.07,2423.83,3497.95
3,150000,val1,283.41,388.76,2294.17,3330.29
3,150000,val2,284.75,392.86,2310.83,3523.68
3,150000,val3,293.82,399.52,2362.64,3525.21
4,200000,val0,353.63,469.05,2803.05,4000.74
4,200000,val1,333.60,453.09,2641.89,3762.79
4,200000,val2,332.91,450.11,2734.52,3957.26
4,200000,val3,352.28,467.56,2738.58,3898.18
5,250000,val0,432.76,566.66,3242.52,4928.55
5,250000,val1,412.34,545.30,3005.36,4377.57
5,250000,val2,403.09,535.55,3038.30,4607.16
5,250000,val3,391.27,529.41,3142.27,4696.64
6,300000,val0,440.03,592.40,3881.86,5632.19
6,300000,val1,431.97,584.88,3825.36,5402.14
6,300000,val2,432.28,585.16,3746.27,5487.28
6,300000,val3,547.36,703.79,3554.23,5481.30
7,350000,val0,523.03,693.53,3914.02,6349.46
7,350000,val1,517.93,689.76,3925.39,5722.77
7,350000,val2,515.57,687.43,3886.27,6079.16
7,350000,val3,509.97,686.67,4029.95,6220.19
8,400000,val0,529.43,710.23,3914.20,6503.49
8,400000,val1,527.07,706.39,3957.52,6206.78
8,400000,val2,525.23,707.64,3950.36,6263.80
8,400000,val3,519.54,707.22,4029.95,6431.87
