Round,TargetNodes,KillTiming,CommitPhase,QuorumPause,RestartExitCode,IntegritySentinel,H_before,CheckBlock,BlockHash,StateRoot,Verdict
1,"val1",0.05s,unknown_or_between_commits,N/A,0,None,307,310,0xa50c39fa15e920b2...,0x550d69db0b123746...,PASS
2,"val2",0.12s,unknown_or_between_commits,N/A,0,None,310,313,0xfb4e8802b3454658...,0x14732ffd371cb1aa...,PASS
3,"val0",0.20s,unknown_or_between_commits,N/A,0,None,313,316,0x46209f381f196cfe...,0x713c9d0f34be332e...,PASS
4,"val3",0.08s,unknown_or_between_commits,N/A,0,None,316,318,0x65e560f24c5ff877...,0x216ce5e500569f78...,PASS
5,"val1 val2",0.15s,unknown_or_between_commits,PAUSED_AT_#318,0,None,318,321,0x1f37af7425bdfb3e...,0x08ee2dbd5eedb565...,PASS
6,"val0",0.25s,unknown_or_between_commits,N/A,0,None,321,324,0x49bf9767947283c7...,0x11a5974460eb1c90...,PASS
7,"val2",0.10s,unknown_or_between_commits,N/A,0,None,324,326,0xffdfed06b4622f80...,0x74b0f3485d10363d...,PASS
8,"val0 val3",0.18s,unknown_or_between_commits,PAUSED_AT_#327,0,None,327,330,0x4eb1bdb1e0ac651e...,0x4f5611c2781d8d76...,PASS
9,"val1",0.06s,unknown_or_between_commits,N/A,0,None,330,332,0xd726ae945c9e5edb...,0x31f0efc37d0b3bff...,PASS
10,"val3",0.22s,unknown_or_between_commits,N/A,0,None,332,334,0x43010b879d0d9f41...,0x75a248cc441e42cd...,PASS
11,"val0",0.05s,unknown_or_between_commits,N/A,0,None,334,338,0x1f797f4dacceac3e...,0x1c6907d6c3ff16de...,PASS
12,"val2 val3",0.12s,unknown_or_between_commits,PAUSED_AT_#338,0,None,338,341,0x985989f8d1a07665...,0x76b902874d2c9c63...,PASS
13,"val1",0.20s,unknown_or_between_commits,N/A,0,None,341,344,0x5ca977b5a5f60e24...,0x11fe097c687fdb68...,PASS
14,"val0",0.08s,unknown_or_between_commits,N/A,0,None,344,348,0x2aa09df440fd5022...,0x6b8919415d246d0e...,PASS
15,"val1 val3",0.15s,unknown_or_between_commits,PAUSED_AT_#348,0,None,348,350,0xb4652fefcc230cdf...,0x71ec596f1d998c6d...,PASS
16,"val2",0.25s,unknown_or_between_commits,N/A,0,None,350,353,0x2e0b2855ffebfcdc...,0x693c3aed080ed474...,PASS
17,"val0",0.10s,unknown_or_between_commits,N/A,0,None,353,357,0x616ab2b9557a2724...,0x175c13d8e91beb92...,PASS
18,"val0 val1",0.18s,unknown_or_between_commits,PAUSED_AT_#357,0,None,357,360,0x6af6cded61f1ea18...,0x1c03579241201723...,PASS
19,"val3",0.06s,unknown_or_between_commits,N/A,0,None,360,363,0xea1c63b15140ee25...,0x5033ea69ac422502...,PASS
20,"val0",0.22s,unknown_or_between_commits,N/A,0,None,363,367,0x95c1d75bcceee092...,0x3f97196cadcf8e57...,PASS
